key,value
제1조,"제1조(목적) 이 법은 노인의 질환을 사전예방 또는 조기발견하고 질환상태에 따른 적절한 치료ㆍ요양으로 심신의 건강
을 유지하고, 노후의 생활안정을 위하여 필요한 조치를 강구함으로써 노인의 보건복지증진에 기여함을 목적으로 한
다.
제1조의2(정의) 이 법에서 사용하는 용어의 정의는 다음과 같다. <개정 2007. 1. 3., 2011. 8. 4., 2015. 12. 29., 2016. 12.
2.>
1. “부양의무자”라 함은 배우자(사실상의 혼인관계에 있는 자를 포함한다)와 직계비속 및 그 배우자(사실상의 혼인
관계에 있는 자를 포함한다)를 말한다.
2. “보호자”라 함은 부양의무자 또는 업무ㆍ고용 등의 관계로 사실상 노인을 보호하는 자를 말한다.
3. “치매”란 「치매관리법」 제2조제1호에 따른 치매를 말한다.
4. “노인학대”라 함은 노인에 대하여 신체적ㆍ정신적ㆍ정서적ㆍ성적 폭력 및 경제적 착취 또는 가혹행위를 하거나
유기 또는 방임을 하는 것을 말한다.
5. “노인학대관련범죄”란 보호자에 의한 65세 이상 노인에 대한 노인학대로서 다음 각 목의 어느 하나에 해당되는
죄를 말한다.
가. 「형법」 제2편제25장 상해와 폭행의 죄 중 제257조(상해, 존속상해), 제258조(중상해, 존속중상해), 제260조(폭
행, 존속폭행)제1항ㆍ제2항, 제261조(특수폭행) 및 제264조(상습범)의 죄
나. 「형법」 제2편제28장 유기와 학대의 죄 중 제271조(유기, 존속유기)제1항ㆍ제2항, 제273조(학대, 존속학대)의
죄
다. 「형법」 제2편제29장 체포와 감금의 죄 중 제276조(체포, 감금, 존속체포, 존속감금), 제277조(중체포, 중감금,
존속중체포, 존속중감금), 제278조(특수체포, 특수감금), 제279조(상습범), 제280조(미수범) 및 제281조(체포ㆍ
감금등의 치사상)(상해에 이르게 한 때에만 해당한다)의 죄
라. 「형법」 제2편제30장 협박의 죄 중 제283조(협박, 존속협박)제1항ㆍ제2항, 제284조(특수협박), 제285조(상습범
)(제283조의 죄에만 해당한다) 및 제286조(미수범)의 죄
마. 「형법」 제2편제32장 강간과 추행의 죄 중 제297조(강간), 제297조의2(유사강간), 제298조(강제추행), 제299조
(준강간, 준강제추행), 제300조(미수범), 제301조(강간등 상해ㆍ치상), 제301조의2(강간등 살인ㆍ치사), 제305조
의2(상습범)(제297조, 제297조의2, 제298조부터 제300조까지의 죄에 한정한다)의 죄
바. 「형법」 제2편제33장 명예에 관한 죄 중 제307조(명예훼손), 제309조(출판물등에 의한 명예훼손) 및 제311조
(모욕)의 죄
사. 「형법」 제2편제36장 주거침입의 죄 중 제321조(주거ㆍ신체 수색)의 죄
아. 「형법」 제2편제37장 권리행사를 방해하는 죄 중 제324조(강요) 및 제324조의5(미수범)(제324조의 죄에만 해
당한다)의 죄
자. 「형법」 제2편제39장 사기와 공갈의 죄 중 제350조(공갈) 및 제352조(미수범)(제350조의 죄에만 해당한다)의
죄
차. 「형법」 제2편제42장 손괴의 죄 중 제366조(재물손괴등)의 죄


카. 제55조의2, 제55조의3제1항제2호, 제55조의4제1호, 제59조의2의 죄
타. 가목부터 차목까지의 죄로서 다른 법률에 따라 가중처벌되는 죄
[본조신설 2004. 1. 29.]"
제2조,"제2조(기본이념) ①노인은 후손의 양육과 국가 및 사회의 발전에 기여하여 온 자로서 존경받으며 건전하고 안정된 생활
을 보장받는다.
②노인은 그 능력에 따라 적당한 일에 종사하고 사회적 활동에 참여할 기회를 보장 받는다.
③노인은 노령에 따르는 심신의 변화를 자각하여 항상 심신의 건강을 유지하고 그 지식과 경험을 활용하여 사회의
발전에 기여하도록 노력하여야 한다."
제3조,"제3조(가족제도의 유지ㆍ발전) 국가와 국민은 경로효친의 미풍양속에 따른 건전한 가족제도가 유지ㆍ발전되도록 노력
하여야 한다."
제4조,"제4조(보건복지증진의 책임) ①국가와 지방자치단체는 노인의 보건 및 복지증진의 책임이 있으며, 이를 위한 시책을 강
구하여 추진하여야 한다.
②국가와 지방자치단체는 제1항의 규정에 의한 시책을 강구함에 있어 제2조에 규정된 기본이념이 구현되도록 노력
하여야 한다.
③노인의 일상생활에 관련되는 사업을 경영하는 자는 그 사업을 경영함에 있어 노인의 보건복지가 증진되도록 노
력하여야 한다.
제4조의2(안전사고 예방) ① 국가와 지방자치단체는 노인의 안전을 보장하고 낙상사고 등 노인에게 치명적인 사고를
예방하기 위하여 필요한 시책을 수립ㆍ시행하여야 한다. 이 경우 안전사고 예방 시책은 「재난 및 안전관리 기본법」
에 따른 국가안전관리기본계획, 시ㆍ도안전관리계획 및 시ㆍ군ㆍ구안전관리계획과 연계되어야 한다.
② 제1항에 따른 안전사고 예방 시책의 수립ㆍ시행에 필요한 사항은 대통령령으로 정한다.
[본조신설 2018. 12. 11.]
제4조의3(고령친화도시) ① 국가와 지방자치단체는 지역정책과 발전과정에 노인이 능동적으로 참여하고 노인의 역량
강화, 돌봄 및 안전, 건강하고 활력 있는 노후생활이 구현되도록 정책을 운영하는 지역(이하 이 조에서 “고령친화도
시”라 한다)을 조성하도록 노력하여야 한다.
② 보건복지부장관은 특별자치시ㆍ특별자치도 또는 시ㆍ군ㆍ구(자치구를 말한다. 이하 같다)를 고령친화도시로 지
정하고 이를 지원할 수 있다.
③ 고령친화도시의 지정 기준ㆍ절차ㆍ취소, 지원 내용 등에 필요한 사항은 대통령령으로 정한다.
[본조신설 2024. 1. 23.]
[시행일: 2026. 1. 24.] 제4조의3"
제5조,"제5조(노인실태조사) ①보건복지부장관은 노인의 보건 및 복지에 관한 실태조사를 3년마다 실시하고 그 결과를 공표하
여야 한다. <개정 2008. 2. 29., 2010. 1. 18.>
② 보건복지부장관은 제1항에 따른 실태조사를 위하여 관계 기관ㆍ법인ㆍ단체ㆍ시설의 장에게 필요한 자료의 제출
또는 의견의 진술을 요청할 수 있다. 이 경우 관계 기관ㆍ법인ㆍ단체ㆍ시설의 장은 정당한 사유가 없으면 그 요청에
따라야 한다.<신설 2015. 1. 28.>
③제1항의 규정에 따른 조사의 방법과 내용 등에 관하여 필요한 사항은 보건복지부령으로 정한다.<개정 2008. 2.
29., 2010. 1. 18., 2015. 1. 28.>
[본조신설 2007. 1. 3.]
제5조의2(노인정책영향평가) ① 국가와 지방자치단체는 대통령령으로 정하는 바에 따라 노인 관련 정책이 노인복지에
미치는 영향을 분석ㆍ평가(이하 “노인정책영향평가”라 한다)하고, 그 결과를 노인 관련 정책의 수립ㆍ시행에 반영하
여야 한다.


② 그 밖에 노인정책영향평가의 방법과 절차 등에 필요한 사항은 대통령령으로 정한다.
[본조신설 2023. 8. 16.]
[시행일: 2025. 8. 17.] 제5조의2"
제6조,"제6조(노인의 날 등) ①노인에 대한 사회적 관심과 공경의식을 높이기 위하여 매년 10월 2일을 노인의 날로, 매년 10월
을 경로의 달로 한다.
②부모에 대한 효사상을 앙양하기 위하여 매년 5월 8일을 어버이날로 한다.
③ 삭제<2011. 8. 4.>
④ 범국민적으로 노인학대에 대한 인식을 높이고 관심을 유도하기 위하여 매년 6월 15일을 노인학대예방의 날로
지정하고, 국가와 지방자치단체는 노인학대예방의 날의 취지에 맞는 행사와 홍보를 실시하도록 노력하여야 한다.
<신설 2015. 12. 29.>
제6조의2(홍보영상의 제작ㆍ배포ㆍ송출) ① 보건복지부장관은 노인학대의 예방과 방지, 노인학대의 위해성, 신고방법
등에 관한 홍보영상을 제작하여 「방송법」 제2조제23호의 방송편성책임자에게 배포하여야 한다.
② 보건복지부장관은 「방송법」 제2조제3호에 따른 방송사업자에게 같은 법 제73조제4항에 따라 대통령령으로 정
하는 비상업적 공익광고 편성비율의 범위에서 제1항의 홍보영상을 채널별로 송출하도록 요청할 수 있다.<개정
2020. 4. 7.>
③ 보건복지부장관은 「방송법」 제2조제12호의 전광판방송사업자에게 같은 법 제73조제4항에 따라 대통령령으로
정하는 비상업적 공익광고 편성비율의 범위에서 제1항의 홍보영상을 전광판으로 송출하도록 요청할 수 있다.
④ 제2항에 따른 방송사업자와 제3항에 따른 전광판방송사업자는 제1항의 홍보영상 외에 독자적인 홍보영상을 제
작하여 송출할 수 있다. 이 경우 보건복지부장관에게 필요한 협조 및 지원을 요청할 수 있다.<개정 2020. 4. 7.>
[본조신설 2015. 12. 29.]
제6조의3(인권교육) ① 제31조의 노인복지시설 중 대통령령으로 정하는 시설을 설치ㆍ운영하는 자와 그 종사자는 인권
에 관한 교육(이하 이 조에서 “인권교육”이라 한다)을 받아야 한다.
② 제31조의 노인복지시설 중 대통령령으로 정하는 시설을 설치ㆍ운영하는 자는 해당 시설을 이용하고 있는 노인
들에게 인권교육을 실시할 수 있다.
③ 보건복지부장관은 제1항 및 제2항에 따른 인권교육을 효율적으로 실시하기 위하여 인권교육기관을 지정할 수
있다. 이 경우 예산의 범위에서 인권교육에 소요되는 비용을 지원할 수 있으며, 지정을 받은 인권교육기관은 보건복
지부장관의 승인을 받아 인권교육에 필요한 비용을 교육대상자로부터 징수할 수 있다.
④ 보건복지부장관은 제3항에 따라 지정을 받은 인권교육기관이 다음 각 호의 어느 하나에 해당하면 그 지정을 취
소하거나 6개월 이내의 기간을 정하여 업무를 정지할 수 있다. 다만, 제1호에 해당하면 그 지정을 취소하여야 한다.
1. 거짓이나 그 밖의 부정한 방법으로 지정을 받은 경우
2. 제5항에 따라 보건복지부령으로 정하는 지정요건을 갖추지 못하게 된 경우
3. 인권교육의 수행능력이 현저히 부족하다고 인정되는 경우
⑤ 제1항 및 제2항에 따른 인권교육의 대상ㆍ내용ㆍ방법, 제3항에 따른 인권교육기관의 지정 및 제4항에 따른 인권
교육기관의 지정취소ㆍ업무정지 처분의 기준 등에 필요한 사항은 보건복지부령으로 정한다.
[본조신설 2017. 10. 24.]"
제7조,"제7조(노인복지상담원) ①노인의 복지를 담당하게 하기 위하여 특별자치도와 시ㆍ군ㆍ구(자치구를 말한다. 이하 같다
)에 노인복지상담원을 둔다. <개정 2007. 8. 3.>
②노인복지상담원의 임용 또는 위촉, 직무 및 보수 등에 관하여 필요한 사항은 대통령령으로 정한다.<개정 1999. 2.
8.>"
제8조,"제8조(노인전용주거시설) 국가 또는 지방자치단체는 노인의 주거에 적합한 기능 및 설비를 갖춘 주거용시설의 공급을
조장하여야 하며, 그 주거용시설의 공급자에 대하여 적절한 지원을 할 수 있다.
제2장 삭제 <2007. 4. 25.>
제9조 삭제 <2007. 4. 25.>
제10조 삭제 <2007. 4. 25.>
제11조 삭제 <2007. 4. 25.>
제12조 삭제 <2007. 4. 25.>
제13조 삭제 <2007. 4. 25.>
제14조 삭제 <2007. 4. 25.>
제15조 삭제 <2007. 4. 25.>
제16조 삭제 <2007. 4. 25.>
제17조 삭제 <2007. 4. 25.>
제18조 삭제 <2007. 4. 25.>
제19조 삭제 <2007. 4. 25.>
제20조 삭제 <2007. 4. 25.>
제21조 삭제 <2007. 4. 25.>
제22조 삭제 <2007. 4. 25.>
제3장 보건ㆍ복지조치"
제23조,"제23조(노인사회참여 지원) ①국가 또는 지방자치단체는 노인의 사회참여 확대를 위하여 노인의 지역봉사 활동기회를
넓히고 노인에게 적합한 직종의 개발과 그 보급을 위한 시책을 강구하며 근로능력있는 노인에게 일할 기회를 우선
적으로 제공하도록 노력하여야 한다.
②국가 또는 지방자치단체는 노인의 지역봉사 활동 및 취업의 활성화를 기하기 위하여 노인지역봉사기관, 노인취업
알선기관 등 노인복지관계기관에 대하여 필요한 지원을 할 수 있다.
제23조의2 삭제 <2023. 10. 31.>
제23조의3 삭제 <2023. 10. 31.>"
제24조,"제24조(지역봉사지도원 위촉 및 업무) ①국가 또는 지방자치단체는 사회적 신망과 경험이 있는 노인으로서 지역봉사를
희망하는 경우에는 이를 지역봉사지도원으로 위촉할 수 있다.


②제1항의 규정에 의한 지역봉사지도원의 업무는 다음 각호와 같다.<개정 2015. 1. 28., 2023. 5. 16.>
1. 국가 또는 지방자치단체가 행하는 업무중 민원인에 대한 상담 및 조언
2. 도로의 교통정리, 주ㆍ정차단속의 보조, 자연보호 및 환경침해 행위단속의 보조와 청소년 선도
3. 충효사상, 전통의례 등 전통문화의 전수교육
4. 「국가유산기본법」 제3조에 따른 국가유산의 보호 및 안내
4의2. 노인에 대한 교통안전 및 교통사고예방 교육
5. 기타 대통령령이 정하는 업무"
제25조,"제25조(생업지원) ① 국가, 지방자치단체, 그 밖의 공공단체 중 대통령령으로 정하는 기관은 소관 공공시설에 식료품ㆍ
사무용품ㆍ신문 등 일상생활용품의 판매를 위한 매점이나 자동판매기의 설치를 허가 또는 위탁할 때에는 65세 이상
노인의 신청이 있는 경우 이를 우선적으로 반영하여야 한다. <개정 2018. 3. 13.>
② 국가, 지방자치단체, 그 밖의 공공단체 중 대통령령으로 정하는 기관은 소관 공공시설에 청소, 주차관리, 매표 등
의 사업을 위탁하는 경우에는 65세 이상 노인을 100분의 20 이상 채용한 사업체를 우선적으로 고려할 수 있다.<신
설 2018. 3. 13.>
③ 제2항에 따른 위탁사업의 종류 및 절차 등에 필요한 사항은 대통령령으로 정한다.<신설 2018. 3. 13.>
[제목개정 2018. 3. 13.]"
제26조,"제26조(경로우대) ①국가 또는 지방자치단체는 65세 이상의 자에 대하여 대통령령이 정하는 바에 의하여 국가 또는 지
방자치단체의 수송시설 및 고궁ㆍ능원ㆍ박물관ㆍ공원 등의 공공시설을 무료로 또는 그 이용요금을 할인하여 이용하
게 할 수 있다.
②국가 또는 지방자치단체는 노인의 일상생활에 관련된 사업을 경영하는 자에게 65세 이상의 자에 대하여 그 이용
요금을 할인하여 주도록 권유할 수 있다.
③국가 또는 지방자치단체는 제2항의 규정에 의하여 노인에게 이용요금을 할인하여 주는 자에 대하여 적절한 지원
을 할 수 있다.
제26조의2(정당한 편의제공의무) ① 재화ㆍ용역 등의 제공자는 무인정보단말기(터치스크린 등 전자적 방식으로 정보를
화면에 표시하여 제공하거나 서류발급, 주문ㆍ결제 등을 처리하는 기기를 말한다)를 설치ㆍ운영하는 경우 노인이 노
인 아닌 사람과 동등하게 접근ㆍ이용할 수 있도록 하는 데 필요한 정당한 편의를 제공하여야 한다.
② 정보통신망을 통하여 정보나 서비스를 제공하는 자는 이동통신단말장치(「전파법」에 따라 할당받은 주파수를 사
용하는 기간통신역무를 이용하기 위하여 필요한 단말장치를 말한다)에 설치되는 응용 소프트웨어 등 대통령령으로
정하는 유선ㆍ무선 정보통신을 노인이 노인 아닌 사람과 동등하게 접근ㆍ이용할 수 있도록 하는 데 필요한 정당한
편의를 제공하여야 한다.
③ 제1항 및 제2항에 따른 재화ㆍ용역 등의 제공자와 정보통신망을 통하여 정보나 서비스를 제공하는 자의 단계적
범위 및 정당한 편의의 구체적인 내용 등 필요한 사항은 대통령령으로 정한다.
[본조신설 2024. 10. 22.]
[시행일: 2025. 10. 23.] 제26조의2"
제27조,"제27조(건강진단 등) ①국가 또는 지방자치단체는 대통령령이 정하는 바에 의하여 65세 이상의 자에 대하여 건강진단
과 보건교육을 실시할 수 있다. 이 경우 보건복지부령으로 정하는 바에 따라 성별 다빈도질환 등을 반영하여야 한다.
<개정 2015. 1. 28.>
②국가 또는 지방자치단체는 제1항의 규정에 의한 건강진단 결과 필요하다고 인정한 때에는 그 건강진단을 받은 자
에 대하여 필요한 지도를 하여야 한다.
제27조의2(홀로 사는 노인에 대한 지원) ①국가 또는 지방자치단체는 홀로 사는 노인에 대하여 방문요양과 돌봄 등의
서비스와 안전확인 등의 보호조치를 취하여야 한다. <개정 2017. 10. 24.>


② 국가 또는 지방자치단체는 제1항에 따른 사업을 노인 관련 기관ㆍ단체에 위탁할 수 있으며, 예산의 범위에서 그
사업 및 운영에 필요한 비용을 지원할 수 있다.<신설 2017. 10. 24.>
③제1항의 서비스 및 보호조치의 구체적인 내용 등에 관하여는 보건복지부장관이 정한다.<개정 2017. 10. 24.>
[본조신설 2007. 8. 3.]
제27조의3(독거노인종합지원센터) ① 보건복지부장관은 홀로 사는 노인에 대한 돌봄과 관련된 다음 각 호의 사업을 수
행하기 위하여 독거노인종합지원센터를 설치ㆍ운영할 수 있다.
1. 홀로 사는 노인에 대한 정책 연구 및 프로그램의 개발
2. 홀로 사는 노인에 대한 현황조사 및 관리
3. 홀로 사는 노인 돌봄사업 종사자에 대한 교육
4. 홀로 사는 노인에 대한 돌봄사업의 홍보, 교육교재 개발 및 보급
5. 홀로 사는 노인에 대한 돌봄사업의 수행기관 지원 및 평가
6. 관련 기관 협력체계의 구축 및 교류
7. 홀로 사는 노인에 대한 기부문화 조성을 위한 기부금품의 모집, 접수 및 배부
8. 그 밖에 홀로 사는 노인의 돌봄을 위하여 보건복지부장관이 위탁하는 업무
② 보건복지부장관은 제1항에 따른 독거노인종합지원센터의 운영을 전문 인력과 시설을 갖춘 법인 또는 단체에 위
탁할 수 있다.
③ 그 밖에 독거노인종합지원센터의 설치ㆍ운영 등에 필요한 사항은 보건복지부령으로 정한다.
[본조신설 2017. 10. 24.]
제27조의4(노인성 질환에 대한 의료지원) ① 국가 또는 지방자치단체는 노인성 질환자의 경제적 부담능력 등을 고려하
여 노인성 질환의 예방교육, 조기발견 및 치료 등에 필요한 비용의 전부 또는 일부를 지원할 수 있다.
② 제1항에 따른 노인성 질환의 범위, 지원의 대상ㆍ기준 및 방법 등에 필요한 사항은 대통령령으로 정한다.
[본조신설 2017. 10. 24.]"
제28조,"제28조(상담ㆍ입소 등의 조치) ①보건복지부장관, 특별시장ㆍ광역시장ㆍ특별자치시장ㆍ도지사ㆍ특별자치도지사(이하
“시ㆍ도지사”라 한다), 시장ㆍ군수ㆍ구청장(자치구의 구청장을 말한다. 이하 같다)은 노인에 대한 복지를 도모하기
위하여 필요하다고 인정한 때에는 다음 각 호의 조치를 하여야 한다. <개정 1999. 2. 8., 2007. 8. 3., 2008. 2. 29.,
2010. 1. 18., 2018. 3. 13.>
1. 65세 이상의 자 또는 그를 보호하고 있는 자를 관계공무원 또는 노인복지상담원으로 하여금 상담ㆍ지도하게 하
는 것
2. 65세 이상의 자로서 신체적ㆍ정신적ㆍ경제적 이유 또는 환경상의 이유로 거택에서 보호받기가 곤란한 자를 노인
주거복지시설 또는 재가노인복지시설에 입소시키거나 입소를 위탁하는 것
3. 65세 이상의 자로서 신체 또는 정신상의 현저한 결함으로 인하여 항상 보호를 필요로 하고 경제적 이유로 거택에
서 보호받기가 곤란한 자를 노인의료복지시설에 입소시키거나 입소를 위탁하는 것
②보건복지부장관, 시ㆍ도지사 또는 시장ㆍ군수ㆍ구청장(이하 “福祉實施機關”이라 한다)은 65세 미만의 자에 대하
여도 그 노쇠현상이 현저하여 특별히 보호할 필요가 있다고 인정할 때에는 제1항 각호의 조치를 할 수 있다.<개정
2008. 2. 29., 2010. 1. 18.>
③ 복지실시기관은 제1항 또는 제2항에 따라 입소조치된 자가 사망한 경우에 그 자에 대한 장례를 행할 자가 없을
때에는 그 장례를 행하거나 해당 시설의 장으로 하여금 그 장례를 행하게 할 수 있다. 이 경우 복지실시기관 또는
노인복지시설의 장은 사망자가 유류한 금전 또는 유가증권을 그 장례에 필요한 비용에 충당할 수 있으며, 부족이 있
을 때에는 유류물품을 처분하여 그 대금을 이에 충당할 수 있다.<개정 2019. 1. 15., 2020. 12. 29.>
④ 제3항 후단에 따른 장례비용 충당의 세부절차는 보건복지부령으로 정한다.<신설 2020. 12. 29.>
[제목개정 2019. 1. 15.]


제29조 삭제 <2011. 8. 4.>
제29조의2 삭제 <2011. 8. 4.>"
제30조,"제30조(노인재활요양사업) ①국가 또는 지방자치단체는 신체적ㆍ정신적으로 재활요양을 필요로 하는 노인을 위한 재
활요양사업을 실시할 수 있다.
②제1항의 노인재활요양사업의 내용 및 기타 필요한 사항은 보건복지부령으로 정한다.<개정 2008. 2. 29., 2010. 1.
18.>
제4장 노인복지시설의 설치ㆍ운영"
제31조,"제31조(노인복지시설의 종류) 노인복지시설의 종류는 다음 각호와 같다. <개정 2004. 1. 29., 2013. 6. 4., 2017. 3. 14.,
2023. 10. 31.>
1. 노인주거복지시설
2. 노인의료복지시설
3. 노인여가복지시설
4. 재가노인복지시설
5. 노인보호전문기관
6. 「노인 일자리 및 사회활동 지원에 관한 법률」 제9조제1항제2호에 따른 노인일자리지원기관
7. 제39조의19에 따른 학대피해노인 전용쉼터
제31조의2(「사회복지사업법」에 따른 신고와의 관계) 제33조제2항, 제35조제2항, 제37조제2항 및 제39조제2항에 따라
노인복지시설의 설치신고를 한 경우 「사회복지사업법」 제34조제2항에 따른 사회복지시설 설치신고를 한 것으로 본
다. <개정 2011. 6. 7.>
[본조신설 2007. 8. 3.]"
제32조,"제32조(노인주거복지시설) ①노인주거복지시설은 다음 각 호의 시설로 한다. <개정 2007. 8. 3., 2015. 1. 28.>
1. 양로시설 : 노인을 입소시켜 급식과 그 밖에 일상생활에 필요한 편의를 제공함을 목적으로 하는 시설
2. 노인공동생활가정 : 노인들에게 가정과 같은 주거여건과 급식, 그 밖에 일상생활에 필요한 편의를 제공함을 목적
으로 하는 시설
3. 노인복지주택 : 노인에게 주거시설을 임대하여 주거의 편의ㆍ생활지도ㆍ상담 및 안전관리 등 일상생활에 필요한
편의를 제공함을 목적으로 하는 시설
②노인주거복지시설의 입소대상ㆍ입소절차ㆍ입소비용 및 임대 등에 관하여 필요한 사항은 보건복지부령으로 정한
다.<개정 2007. 8. 3., 2008. 2. 29., 2010. 1. 18., 2015. 1. 28.>
③노인복지주택의 설치ㆍ관리 및 공급 등에 관하여 이 법에서 규정된 사항을 제외하고는 「주택법」 및 「공동주택관
리법」의 관련규정을 준용한다.<신설 1999. 2. 8., 2003. 5. 29., 2007. 8. 3., 2015. 8. 11.>"
제33조,"제33조(노인주거복지시설의 설치) ①국가 또는 지방자치단체는 노인주거복지시설을 설치할 수 있다.
②국가 또는 지방자치단체외의 자가 노인주거복지시설을 설치하고자 하는 경우에는 특별자치시장ㆍ특별자치도지
사ㆍ시장ㆍ군수ㆍ구청장(이하 “시장ㆍ군수ㆍ구청장”이라 한다)에게 신고하여야 한다.<개정 2005. 3. 31., 2007. 8.
3., 2018. 3. 13.>
③ 시장ㆍ군수ㆍ구청장은 제2항에 따른 신고를 받은 경우 그 내용을 검토하여 이 법에 적합하면 신고를 수리하여야
한다.<신설 2018. 3. 13.>
④노인주거복지시설의 시설, 인력 및 운영에 관한 기준과 설치신고, 설치ㆍ운영자가 준수하여야 할 사항, 그 밖에
필요한 사항은 보건복지부령으로 정한다.<개정 1999. 2. 8., 2007. 8. 3., 2008. 2. 29., 2010. 1. 18., 2018. 3. 13.>


제33조의2(노인복지주택의 입소자격 등) ①노인복지주택에 입소할 수 있는 자는 60세 이상의 노인(이하 “입소자격자
”라 한다)으로 한다. 다만, 다음 각 호의 어느 하나에 해당하는 경우에는 입소자격자와 함께 입소할 수 있다. <개정
2015. 1. 28., 2024. 1. 2.>
1. 입소자격자의 배우자
2. 입소자격자가 부양을 책임지고 있는 24세 미만의 자녀ㆍ손자녀
3. 보건복지부령으로 정하는 장애로 인하여 입소자격자가 부양을 책임지고 있는 24세 이상의 자녀ㆍ손자녀
② 노인복지주택을 설치하거나 설치하려는 자는 노인복지주택을 입소자격자에게 임대하여야 한다.<개정 2015. 1.
28.>
③제2항에 따라 노인복지주택을 임차한 자는 해당 노인주거시설을 입소자격자가 아닌 자에게 다시 임대할 수 없다.
<개정 2015. 1. 28.>
④ 삭제<2015. 1. 28.>
⑤시장ㆍ군수ㆍ구청장은 지역 내 노인 인구, 노인주거복지시설의 수요와 공급실태 및 노인복지주택의 효율적인 이
용 등을 고려하여 노인복지주택의 공급가구수와 가구별 건축면적(주거의 용도로만 쓰이는 면적에 한한다)을 일정규
모 이하로 제한할 수 있다.
⑥제33조제2항에 따라 노인복지주택을 설치한 자는 해당 노인복지주택의 전부 또는 일부 시설을 시장ㆍ군수ㆍ구
청장의 확인을 받아 대통령령으로 정하는 자에게 위탁하여 운영할 수 있다.<개정 2019. 1. 15.>
⑦ 입소자격자가 사망하거나 노인복지주택에 거주하지 아니하는 경우 제1항에 따라 노인복지주택에 입소한 입소자
격자의 배우자 및 자녀ㆍ손자녀는 보건복지부령으로 정하는 기간 내에 퇴소하여야 한다. 다만, 입소자격자의 해외
체류 등 보건복지부령으로 정하는 부득이한 사유가 있는 경우에는 그러하지 아니하다.<신설 2017. 10. 24.>
⑧ 시장ㆍ군수ㆍ구청장은 필요한 경우 제1항에 따른 입소자격 여부 및 제7항에 따른 입소자격자의 사망 또는 실제
거주 여부를 조사할 수 있다.<신설 2017. 10. 24.>
⑨ 시장ㆍ군수ㆍ구청장은 제8항에 따른 조사 결과 입소부자격자가 발견되면 퇴소하도록 하는 등 적절한 조치를 취
하여야 한다.<신설 2017. 10. 24.>
[본조신설 2007. 8. 3.]
제33조의3 삭제 <2015. 1. 28.>"
제34조,"제34조(노인의료복지시설) ①노인의료복지시설은 다음 각 호의 시설로 한다. <개정 2007. 8. 3.>
1. 노인요양시설 : 치매ㆍ중풍 등 노인성질환 등으로 심신에 상당한 장애가 발생하여 도움을 필요로 하는 노인을 입
소시켜 급식ㆍ요양과 그 밖에 일상생활에 필요한 편의를 제공함을 목적으로 하는 시설
2. 노인요양공동생활가정 : 치매ㆍ중풍 등 노인성질환 등으로 심신에 상당한 장애가 발생하여 도움을 필요로 하는
노인에게 가정과 같은 주거여건과 급식ㆍ요양, 그 밖에 일상생활에 필요한 편의를 제공함을 목적으로 하는 시설
3. 삭제<2011. 6. 7.>
②노인의료복지시설의 입소대상ㆍ입소비용 및 입소절차와 설치ㆍ운영자의 준수사항 등에 관하여 필요한 사항은
보건복지부령으로 정한다.<개정 2007. 8. 3., 2008. 2. 29., 2010. 1. 18.>"
제35조,"제35조(노인의료복지시설의 설치) ①국가 또는 지방자치단체는 노인의료복지시설을 설치할 수 있다.
②국가 또는 지방자치단체외의 자가 노인의료복지시설을 설치하고자 하는 경우에는 시장ㆍ군수ㆍ구청장에게 신고
하여야 한다.<개정 2005. 3. 31., 2011. 6. 7.>
③ 시장ㆍ군수ㆍ구청장은 제2항에 따른 신고를 받은 경우 그 내용을 검토하여 이 법에 적합하면 신고를 수리하여야
한다.<신설 2018. 3. 13.>
④노인의료복지시설의 시설, 인력 및 운영에 관한 기준과 설치신고 및 설치허가 등에 관하여 필요한 사항은 보건복
지부령으로 정한다.<개정 1999. 2. 8., 2007. 4. 11., 2008. 2. 29., 2010. 1. 18., 2011. 6. 7., 2018. 3. 13.>"
제36조,"제36조(노인여가복지시설) ①노인여가복지시설은 다음 각 호의 시설로 한다. <개정 2007. 8. 3.>
1. 노인복지관 : 노인의 교양ㆍ취미생활 및 사회참여활동 등에 대한 각종 정보와 서비스를 제공하고, 건강증진 및 질
병예방과 소득보장ㆍ재가복지, 그 밖에 노인의 복지증진에 필요한 서비스를 제공함을 목적으로 하는 시설
2. 경로당 : 지역노인들이 자율적으로 친목도모ㆍ취미활동ㆍ공동작업장 운영 및 각종 정보교환과 기타 여가활동을
할 수 있도록 하는 장소를 제공함을 목적으로 하는 시설
3. 노인교실 : 노인들에 대하여 사회활동 참여욕구를 충족시키기 위하여 건전한 취미생활ㆍ노인건강유지ㆍ소득보장
기타 일상생활과 관련한 학습프로그램을 제공함을 목적으로 하는 시설
4. 삭제<2011. 6. 7.>
②노인여가복지시설의 이용대상 및 이용절차 등에 관하여 필요한 사항은 보건복지부령으로 정한다.<개정 2008. 2.
29., 2010. 1. 18.>"
제37조,"제37조(노인여가복지시설의 설치) ①국가 또는 지방자치단체는 노인여가복지시설을 설치할 수 있다.
②국가 또는 지방자치단체외의 자가 노인여가복지시설을 설치하고자 하는 경우에는 시장ㆍ군수ㆍ구청장에게 신고
하여야 한다.
③ 시장ㆍ군수ㆍ구청장은 제2항에 따른 신고를 받은 경우 그 내용을 검토하여 이 법에 적합하면 신고를 수리하여야
한다.<신설 2018. 3. 13.>
④ 국가 또는 지방자치단체는 경로당의 활성화를 위하여 지역별ㆍ기능별 특성을 갖춘 표준 모델 및 프로그램을 개
발ㆍ보급하여야 한다.<신설 2011. 6. 7., 2018. 3. 13.>
⑤노인여가복지시설의 시설, 인력 및 운영에 관한 기준과 설치신고 등에 관하여 필요한 사항은 보건복지부령으로
정한다.<개정 1999. 2. 8., 2008. 2. 29., 2010. 1. 18., 2011. 6. 7., 2018. 3. 13.>
제37조의2(경로당에 대한 양곡구입비 등의 보조) ① 국가 또는 지방자치단체는 경로당에 대하여 예산의 범위에서 양곡
(「양곡관리법」에 따른 정부관리양곡을 포함한다)구입비의 전부 또는 일부를 보조할 수 있다. <개정 2018. 12. 11.>
② 국가 또는 지방자치단체는 예산의 범위에서 경로당의 냉난방 비용의 전부 또는 일부를 보조할 수 있다.
[본조신설 2012. 2. 1.]
제37조의3(경로당에 대한 공과금 감면) ① 「전기사업법」에 따른 전기판매사업자, 「전기통신사업법」에 따른 전기통신
사업자 및 「도시가스사업법」에 따른 도시가스사업자는 경로당에 대하여 각각 전기요금ㆍ전기통신요금 및 도시가스
요금을 감면할 수 있다.
② 「수도법」에 따른 수도사업자(수도사업자가 지방자치단체인 경우에는 해당 지방자치단체의 장을 말한다)는 경로
당에 대하여 수도요금을 감면할 수 있다.
[본조신설 2012. 2. 1.]"
제38조,"제38조(재가노인복지시설) ①재가노인복지시설은 다음 각 호의 어느 하나 이상의 서비스를 제공함을 목적으로 하는 시
설을 말한다.
1. 방문요양서비스 : 가정에서 일상생활을 영위하고 있는 노인(이하 “재가노인”이라 한다)으로서 신체적ㆍ정신적 장
애로 어려움을 겪고 있는 노인에게 필요한 각종 편의를 제공하여 지역사회안에서 건전하고 안정된 노후를 영위
하도록 하는 서비스
2. 주ㆍ야간보호서비스 : 부득이한 사유로 가족의 보호를 받을 수 없는 심신이 허약한 노인과 장애노인을 주간 또는
야간 동안 보호시설에 입소시켜 필요한 각종 편의를 제공하여 이들의 생활안정과 심신기능의 유지ㆍ향상을 도모
하고, 그 가족의 신체적ㆍ정신적 부담을 덜어주기 위한 서비스
3. 단기보호서비스 : 부득이한 사유로 가족의 보호를 받을 수 없어 일시적으로 보호가 필요한 심신이 허약한 노인과
장애노인을 보호시설에 단기간 입소시켜 보호함으로써 노인 및 노인가정의 복지증진을 도모하기 위한 서비스
4. 방문 목욕서비스 : 목욕장비를 갖추고 재가노인을 방문하여 목욕을 제공하는 서비스


5. 그 밖의 서비스 : 그 밖에 재가노인에게 제공하는 서비스로서 보건복지부령이 정하는 서비스
②제1항에 따른 재가노인복지시설의 이용대상ㆍ비용부담 및 이용절차 등에 관하여 필요한 사항은 보건복지부령으
로 정한다.<개정 2010. 1. 18.>
[전문개정 2007. 8. 3.]"
제39조,"제39조(재가노인복지시설의 설치) ①국가 또는 지방자치단체는 재가노인복지시설을 설치할 수 있다.
②국가 또는 지방자치단체외의 자가 재가노인복지시설을 설치하고자 하는 경우에는 시장ㆍ군수ㆍ구청장에게 신고
하여야 한다.
③ 시장ㆍ군수ㆍ구청장은 제2항에 따른 신고를 받은 경우 그 내용을 검토하여 이 법에 적합하면 신고를 수리하여야
한다.<신설 2018. 3. 13.>
④재가노인복지시설의 시설, 인력 및 운영에 관한 기준과 설치신고 등에 관하여 필요한 사항은 보건복지부령으로
정한다.<개정 1999. 2. 8., 2008. 2. 29., 2010. 1. 18., 2018. 3. 13.>
제39조의2(요양보호사의 직무ㆍ자격증의 교부 등) ①노인복지시설의 설치ㆍ운영자는 보건복지부령으로 정하는 바에
따라 노인 등의 신체활동 또는 가사활동 지원 등의 업무를 전문적으로 수행하는 요양보호사를 두어야 한다. <개정
2008. 2. 29., 2010. 1. 18.>
② 요양보호사가 되려는 사람은 제39조의3에 따라 요양보호사를 교육하는 기관(이하 “요양보호사교육기관”이라 한
다)에서 교육과정을 마치고 시ㆍ도지사가 실시하는 요양보호사 자격시험에 합격하여야 한다.<개정 2010. 1. 25.>
③ 시ㆍ도지사는제2항에 따라 요양보호사 자격시험에 합격한 사람에게 요양보호사 자격증을 교부하여야 한다. 다
만, 요양보호사 자격증 교부 신청일을 기준으로 제39조의13에 따른 결격사유에 해당하는 사람에게는 자격증을 교
부해서는 아니 된다.<개정 2010. 1. 25., 2019. 12. 3.>
④ 시ㆍ도지사는 제2항에 따라 요양보호사 자격시험에 응시하고자 하는 사람과 제3항에 따라 자격증을 교부 또는
재교부 받고자 하는 사람에게 보건복지부령으로 정하는 바에 따라 수수료를 납부하게 할 수 있다.<신설 2010. 1.
25.>
⑤ 요양보호사의 교육과정, 요양보호사 자격시험 실시 및 자격증 교부 등에 관하여 필요한 사항은 보건복지부령으
로 정한다.<개정 2010. 1. 25.>
⑥ 제3항에 따라 자격증을 교부받은 사람은 다른 사람에게 그 자격증을 빌려주어서는 아니 되고, 누구든지 그 자격
증을 빌려서는 아니 된다.<신설 2020. 4. 7.>
⑦ 누구든지 제6항에 따라 금지된 행위를 알선하여서는 아니 된다.<신설 2020. 4. 7.>
[전문개정 2007. 8. 3.]
제39조의3(요양보호사교육기관의 지정 등) ① 시ㆍ도지사는 요양보호사의 양성을 위하여 보건복지부령으로 정하는 지
정기준에 적합한 시설을 요양보호사교육기관으로 지정ㆍ운영하여야 한다. <개정 2010. 1. 25.>
② 시ㆍ도지사는 요양보호사교육기관이 다음 각 호의 어느 하나에 해당하는 경우 사업의 정지를 명하거나 그 지정
을 취소할 수 있다. 다만, 제1호에 해당하는 경우 지정을 취소하여야 한다.<신설 2010. 1. 25., 2019. 4. 30.>
1. 거짓이나 그 밖의 부정한 방법으로 요양보호사교육기관으로 지정을 받은 경우
2. 제1항에 따른 지정기준에 적합하지 아니하게 된 경우
3. 교육과정을 1년 이상 운영하지 아니하는 경우
4. 정당한 사유 없이 제42조에 따른 보고 또는 자료제출을 하지 아니하거나 거짓으로 한 경우 또는 조사ㆍ검사를 거
부ㆍ방해하거나 기피한 경우
5. 요양보호사교육기관을 설치ㆍ운영하는 자가 교육 이수 관련 서류를 거짓으로 작성한 경우
③ 시ㆍ도지사는 제2항에 따라 지정취소를 하는 경우 청문을 실시하여야 한다.<신설 2010. 1. 25.>
④ 제1항에 따른 요양보호사교육기관의 지정절차, 제2항에 따른 행정처분의 세부적인 기준 및 절차 등에 관하여 필
요한 사항은 보건복지부령으로 정한다.<개정 2010. 1. 25.>


[전문개정 2007. 8. 3.]
[제목개정 2010. 1. 25.]
제39조의4(긴급전화의 설치 등) ①국가및 지방자치단체는 노인학대를 예방하고 수시로 신고를 받을 수 있도록 긴급전
화를 설치하여야 한다.
②제1항의 규정에 의한 긴급전화의 설치ㆍ운영에 관하여 필요한 사항은 대통령령으로 정한다.
[본조신설 2004. 1. 29.]
제39조의5(노인보호전문기관의 설치 등) ① 국가는 지역 간의 연계체계를 구축하고 노인학대를 예방하기 위하여 다음
각 호의 업무를 담당하는 중앙노인보호전문기관을 설치ㆍ운영하여야 한다. <개정 2015. 12. 29.>
1. 노인인권보호 관련 정책제안
2. 노인인권보호를 위한 연구 및 프로그램의 개발
3. 노인학대 예방의 홍보, 교육자료의 제작 및 보급
4. 노인보호전문사업 관련 실적 취합, 관리 및 대외자료 제공
5. 지역노인보호전문기관의 관리 및 업무지원
6. 지역노인보호전문기관 상담원의 심화교육
7. 관련 기관 협력체계의 구축 및 교류
8. 노인학대 분쟁사례 조정을 위한 중앙노인학대사례판정위원회 운영
9. 그 밖에 노인의 보호를 위하여 대통령령으로 정하는 사항
② 학대받는 노인의 발견ㆍ보호ㆍ치료 등을 신속히 처리하고 노인학대를 예방하기 위하여 다음 각 호의 업무를 담
당하는 지역노인보호전문기관을 특별시ㆍ광역시ㆍ도ㆍ특별자치도(이하 “시ㆍ도”라 한다)에 둔다.<개정 2015. 12.
29., 2020. 12. 29.>
1. 노인학대 신고전화의 운영 및 사례접수
2. 노인학대 의심사례에 대한 현장조사
3. 피해노인 및 노인학대자에 대한 상담
3의2. 피해노인에 대한 법률 지원의 요청
4. 피해노인가족 관련자와 관련 기관에 대한 상담
5. 상담 및 서비스제공에 따른 기록과 보관
6. 일반인을 대상으로 한 노인학대 예방교육
7. 노인학대행위자를 대상으로 한 재발방지 교육
8. 노인학대사례 판정을 위한 지역노인학대사례판정위원회 운영 및 자체사례회의 운영
9. 그 밖에 노인의 보호를 위하여 보건복지부령으로 정하는 사항
③ 보건복지부장관 및 시ㆍ도지사는 노인학대예방사업을 목적으로 하는 비영리법인을 지정하여 제1항에 따른 중앙
노인보호전문기관과 제2항에 따른 지역노인보호전문기관의 운영을 위탁할 수 있다.
④ 제1항에 따른 중앙노인보호전문기관과 제2항에 따른 지역노인보호전문기관의 설치기준과 운영, 상담원의 자격
과 배치기준 및 제3항에 따른 위탁기관의 지정 등에 필요한 사항은 대통령령으로 정한다.
[전문개정 2011. 6. 7.]
제39조의6(노인학대 신고의무와 절차 등) ①누구든지 노인학대를 알게 된 때에는 노인보호전문기관 또는 수사기관에
신고할 수 있다. <개정 2007. 4. 11.>
②다음 각 호의 어느 하나에 해당하는 자는 그 직무상 65세 이상의 사람에 대한 노인학대를 알게 된 때에는 즉시 노
인보호전문기관 또는 수사기관에 신고하여야 한다.<개정 2011. 6. 7., 2015. 12. 29., 2016. 12. 2., 2017. 10. 24.,
2018. 3. 13., 2018. 12. 11., 2021. 12. 21.>
1. 의료법 제3조제1항의 의료기관에서 의료업을 행하는 의료인 및 의료기관의 장


2. 제27조의2에 따른 방문요양과 돌봄이나 안전확인 등의 서비스 종사자, 제31조에 따른 노인복지시설의 장과 그
종사자 및 제7조에 따른 노인복지상담원
3. 「장애인복지법」 제58조의 규정에 의한 장애인복지시설에서 장애노인에 대한 상담ㆍ치료ㆍ훈련 또는 요양업무
를 수행하는 사람
4. 「가정폭력방지 및 피해자보호 등에 관한 법률」 제5조 및 제7조에 따른 가정폭력 관련 상담소 및 가정폭력피해자
보호시설의 장과 그 종사자
5. 「사회보장급여의 이용ㆍ제공 및 수급권자 발굴에 관한 법률」 제43조에 따른 사회복지전담공무원 및 「사회복지
사업법」 제34조에 따른 사회복지시설의 장과 그 종사자
6. 「노인장기요양보험법」 제31조에 따른 장기요양기관의 장과 그 종사자
7. 「119구조ㆍ구급에 관한 법률」 제10조에 따른 119구급대의 구급대원
8. 「건강가정기본법」 제35조에 따른 건강가정지원센터의 장과 그 종사자
9. 「다문화가족지원법」 제12조에 따른 다문화가족지원센터의 장과 그 종사자
10. 「성폭력방지 및 피해자보호 등에 관한 법률」 제10조에 따른 성폭력피해상담소 및 같은 법 제12조에 따른 성폭
력피해자보호시설의 장과 그 종사자
11. 「응급의료에 관한 법률」 제36조에 따른 응급구조사
12. 「의료기사 등에 관한 법률」 제1조의2제1호에 따른 의료기사
13. 「국민건강보험법」에 따른 국민건강보험공단 소속 요양직 직원
14. 「지역보건법」 제2조에 따른 지역보건의료기관의 장과 종사자
15. 제31조에 따른 노인복지시설 설치 및 관리 업무 담당 공무원
16. 「병역법」 제2조제1항제10호라목에 따른 사회복지시설에서 복무하는 사회복무요원(노인을 직접 대면하는 업무
에 복무하는 사람으로 한정한다)
③신고인의 신분은 보장되어야 하며 그 의사에 반하여 신분이 노출되어서는 아니된다.
④ 관계 중앙행정기관의 장은 제2항 각 호의 어느 하나에 해당하는 사람의 자격취득 교육과정이나 보수교육 과정에
노인학대 예방 및 신고의무와 관련된 교육 내용을 포함하도록 하여야 하며, 그 결과를 보건복지부장관에게 제출하
여야 한다.<신설 2012. 10. 22., 2018. 3. 13.>
⑤ 제2항에 따른 노인학대 신고의무자가 소속된 다음 각 호의 기관의 장은 소속 노인학대 신고의무자에게 노인학대
예방 및 신고의무에 관한 교육을 실시하고 그 결과를 보건복지부장관에게 제출하여야 한다.<신설 2018. 3. 13.>
1. 제31조에 따른 노인복지시설
2. 「의료법」 제3조제2항제3호라목 및 마목에 따른 요양병원 및 종합병원
3. 「노인장기요양보험법」 제2조제4호에 따른 장기요양기관
⑥ 제4항 및 제5항에 따른 교육 내용ㆍ시간 및 방법 등에 관하여 필요한 사항은 보건복지부령으로 정한다.<신설
2012. 10. 22., 2018. 3. 13.>
[본조신설 2004. 1. 29.]
[제목개정 2012. 10. 22.]
제39조의7(응급조치의무 등) ①제39조의6의 규정에 의하여 노인학대신고를 접수한 노인보호전문기관의 직원이나 사법
경찰관리는 지체없이 노인학대의 현장에 출동하여야 한다. 이 경우 노인보호전문기관의 장이나 수사기관의 장은 서
로 동행하여 줄 것을 요청할 수 있고, 그 요청을 받은 때에는 정당한 사유가 없으면 소속 직원이나 사법경찰관리를
현장에 동행하도록 하여야 한다. <개정 2015. 1. 28.>
② 제1항에 따라 출동한 노인보호전문기관의 직원이나 사법경찰관리는 피해자를 보호하기 위하여 신고된 현장에
출입하여 관계인에 대하여 조사를 하거나 질문을 할 수 있다. 이 경우 노인보호전문기관의 직원은 피해노인의 보호
를 위한 범위에서만 조사 또는 질문을 할 수 있다.<신설 2015. 1. 28.>
③ 제2항에 따라 출입, 조사 또는 질문을 하는 노인보호전문기관의 직원이나 사법경찰관리는 그 권한을 표시하는
증표를 지니고 이를 관계인에게 보여주어야 한다.<신설 2015. 1. 28.>


④ 제2항에 따라 조사 또는 질문을 하는 노인보호전문기관의 직원이나 사법경찰관리는 피해자ㆍ신고자ㆍ목격자 등
이 자유롭게 진술할 수 있도록 노인학대행위자로부터 분리된 곳에서 조사하는 등 필요한 조치를 하여야 한다.<신설
2015. 1. 28.>
⑤제1항의 규정에 의하여 현장에 출동한 자는 학대받은 노인을 노인학대행위자로부터 분리하거나 치료가 필요하다
고 인정할 때에는 노인보호전문기관 또는 의료기관에 인도하여야 한다.<개정 2015. 1. 28.>
⑥ 누구든지 정당한 사유 없이 노인학대 현장에 출동한 자에 대하여 현장조사를 거부하거나 업무를 방해하여서는
아니 된다.<신설 2011. 6. 7., 2015. 1. 28.>
⑦ 국가 및 지방자치단체는 제39조의5에 따른 노인보호전문기관의 장이 학대받은 노인의 보호, 치료 등의 업무를
수행함에 있어서 피해노인, 그 보호자 또는 노인학대행위자에 대한 신분조회 등 필요한 조치의 협조를 요청할 경우
정당한 사유가 없으면 이에 적극 협조하여야 한다.<신설 2015. 12. 29.>
⑧ 제7항의 신분조회 요청 절차ㆍ범위 등에 관한 사항은 대통령령으로 정한다.<신설 2015. 12. 29.>
[본조신설 2004. 1. 29.]
제39조의8(보조인의 선임 등) ①학대받은 노인의 법정대리인, 직계친족, 형제자매, 노인보호전문기관의 상담원 또는 변
호사는 노인학대사건의 심리에 있어서 보조인이 될 수 있다. 다만, 변호사가 아닌 경우에는 법원의 허가를 받아야 한
다.
②법원은 학대받은 노인을 증인으로 신문하는 경우 본인ㆍ검사 또는 노인보호전문기관의 신청이 있는 때에는 본인
과 신뢰관계에 있는 자의 동석을 허가할 수 있다.
③수사기관이 학대받은 노인을 조사하는 경우에도 제1항 및 제2항의 절차를 준용한다.
[본조신설 2004. 1. 29.]
제39조의9(금지행위) 누구든지 65세 이상의 사람(이하 이 조에서 “노인”이라 한다)에 대하여 다음 각 호의 어느 하나에
해당하는 행위를 하여서는 아니된다. <개정 2016. 12. 2.>
1. 노인의 신체에 폭행을 가하거나 상해를 입히는 행위
2. 노인에게 성적 수치심을 주는 성폭행ㆍ성희롱 등의 행위
3. 자신의 보호ㆍ감독을 받는 노인을 유기하거나 의식주를 포함한 기본적 보호 및 치료를 소홀히 하는 방임행위
4. 노인에게 구걸을 하게 하거나 노인을 이용하여 구걸하는 행위
5. 노인을 위하여 증여 또는 급여된 금품을 그 목적외의 용도에 사용하는 행위
6. 폭언, 협박, 위협 등으로 노인의 정신건강에 해를 끼치는 정서적 학대행위
[본조신설 2004. 1. 29.]
제39조의10(실종노인에 관한 신고의무 등) ①누구든지 정당한 사유 없이 사고 등의 사유로 인하여 보호자로부터 이탈
된 노인(이하 “실종노인”이라 한다)을 경찰관서 또는 지방자치단체의 장에게 신고하지 아니하고 보호하여서는 아니
된다. <개정 2013. 6. 4.>
②제31조에 따른 노인복지시설(「사회복지사업법」 제2조제4호에 따른 사회복지시설 및 사회복지시설에 준하는 시
설로서 인가ㆍ신고 등을 하지 아니하고 노인을 보호하는 시설을 포함한다. 이하 “보호시설”이라 한다)의 장 또는 그
종사자는 그 직무를 수행하면서 실종노인임을 알게 된 때에는 지체 없이 보건복지부령으로 정하는 신상카드를 작
성하여 지방자치단체의 장과 제3항제2호의 업무를 수행하는 기관의 장에게 제출하여야 한다.<개정 2011. 8. 4.>
③보건복지부장관은 실종노인의 발생예방, 조속한 발견과 복귀를 위하여 다음 각 호의 업무를 수행하여야 한다. 이
경우 보건복지부장관은 노인복지 관련 법인이나 단체에 그 업무의 전부 또는 일부를 위탁할 수 있다.
1. 실종노인과 관련된 조사 및 연구
2. 실종노인의 데이터베이스 구축ㆍ운영
3. 그 밖에 실종노인의 보호 및 지원에 필요한 사항
④ 경찰청장은 실종노인의 조속한 발견과 복귀를 위하여 다음 각 호의 사항을 시행하여야 한다.<신설 2011. 6. 7.,
2013. 6. 4.>


1. 실종노인에 대한 신고체계의 구축 및 운영
2. 그 밖에 실종노인의 발견과 복귀를 위하여 필요한 사항
3. 삭제<2013. 6. 4.>
⑤ 삭제<2013. 6. 4.>
[본조신설 2007. 8. 3.]
[종전 제39조의10은 제39조의11로 이동 <2007. 8. 3.>]
제39조의11(조사 등) ①보건복지부장관, 시ㆍ도지사 또는 시장ㆍ군수ㆍ구청장은 필요하다고 인정하는 때에는 관계공
무원 또는 노인복지상담원으로 하여금 노인복지시설과 노인의 주소ㆍ거소, 노인의 고용장소 또는 제39조의9의 금지
행위를 위반할 우려가 있는 장소에 출입하여 노인 또는 관계인에 대하여 필요한 조사를 하거나 질문을 하게 할 수
있다.
②경찰청장, 시ㆍ도지사 또는 시장ㆍ군수ㆍ구청장은 실종노인의 발견을 위하여 필요한 때에는 보호시설의 장 또는
그 종사자에게 필요한 보고 또는 자료제출을 명하거나 소속 공무원으로 하여금 보호시설에 출입하여 관계인 또는
노인에 대하여 필요한 조사 또는 질문을 하게 할 수 있다.<신설 2007. 8. 3.>
③제1항 및 제2항의 경우 관계공무원, 노인복지상담원은 그 권한을 표시하는 증표 및 조사기간, 조사범위, 조사담당
자, 관계 법령 등 보건복지부령으로 정하는 사항이 기재된 서류를 지니고 이를 노인 또는 관계인에게 내보여야 한다
.<개정 2007. 8. 3., 2015. 12. 29.>
④ 제1항 및 제2항에 따른 조사 또는 질문의 절차ㆍ방법 등에 관하여는 이 법에서 정하는 사항을 제외하고는 「행정
조사기본법」에서 정하는 바에 따른다.<개정 2015. 12. 29.>
[본조신설 2004. 1. 29.]
[제39조의10에서 이동, 종전의 제39조의11은 제39조의12로 이동 <2007. 8. 3.>]
제39조의12(비밀누설의 금지) 이 법에 의한 학대노인의 보호와 관련된 업무에 종사하였거나 종사하는 자는 그 직무상
알게 된 비밀을 누설하지 못한다.
[본조신설 2004. 1. 29.]
[제39조의11에서 이동 <2007. 8. 3.>]
제39조의13(요양보호사의 결격사유) 다음 각 호의 어느 하나에 해당하는 사람은 요양보호사가 될 수 없다. <개정 2015.
1. 28., 2018. 3. 13., 2018. 12. 11., 2024. 10. 22.>
1. 「정신건강증진 및 정신질환자 복지서비스 지원에 관한 법률」 제3조제1호에 따른 정신질환자. 다만, 전문의가 요
양보호사로서 적합하다고 인정하는 사람은 그러하지 아니하다.
2. 마약ㆍ대마 또는 향정신성의약품 중독자
3. 피성년후견인
4. 금고 이상의 실형을 선고받고 그 집행이 끝나거나(집행이 끝난 것으로 보는 경우를 포함한다) 집행이 면제되지
아니한 사람
4의2. 금고 이상의 형의 집행유예를 선고받고 그 유예기간 중에 있는 사람
5. 법원의 판결에 따라 자격이 정지 또는 상실된 사람
6. 제39조의14에 따라 요양보호사의 자격이 취소(이 조 제3호에 해당하여 자격이 취소된 경우는 제외한다)된 날부
터 1년이 경과되지 아니한 사람
[본조신설 2010. 1. 25.]
제39조의14(요양보호사 자격의 취소) ① 시ㆍ도지사는 요양보호사가 다음 각 호의 어느 하나에 해당하는 경우 그 자격
을 취소할 수 있다. 다만, 제1호부터 제3호까지의 경우 자격을 취소하여야 한다.
1. 제39조의13 각 호의 어느 하나에 해당하게 된 경우


2. 제39조의9를 위반하여 제55조의2부터 제55조의4까지의 규정에 따른 처벌을 받은 경우
3. 거짓이나 그 밖의 부정한 방법으로 자격증을 취득한 경우
4. 영리를 목적으로 노인 등에게 불필요한 요양서비스를 알선ㆍ유인하거나 이를 조장한 경우
5. 자격증을 대여ㆍ양도 또는 위조ㆍ변조한 경우
② 시ㆍ도지사는 제1항에 따라 요양보호사의 자격을 취소하는 경우청문을실시하여야한다.
③ 제1항의 자격취소의 절차 등에 관하여 필요한 사항은 보건복지부령으로정한다.
[본조신설 2010. 1. 25.]
제39조의15(노인학대 등의 통보) ① 사법경찰관리는 노인 사망 및 상해사건, 가정폭력 사건 등에 관한 직무를 행하는
경우 노인학대가 있었다고 의심할만한 사유가 있는 때에는 노인보호전문기관에 그 사실을 통보하여야 한다.
② 제1항의 통보를 받은 노인보호전문기관은 피해노인 보호조치 등 필요한 조치를 하여야 한다.
[본조신설 2015. 12. 29.]
제39조의16(노인학대행위자에 대한 상담ㆍ교육 등의 제공) ① 노인보호전문기관의 장은 노인학대행위자에 대하여 상
담ㆍ교육 및 심리적 치료 등 필요한 지원을 제공하여야 한다. <개정 2017. 3. 14., 2020. 12. 29.>
② 노인학대행위자는 노인보호전문기관의 장이 제1항에 따른 상담ㆍ교육 및 심리적 치료 등을 제공하는 경우에는
정당한 사유가 없으면 상담ㆍ교육 및 심리적 치료 등을 받아야 한다.<신설 2017. 3. 14., 2020. 12. 29.>
[본조신설 2015. 12. 29.]
[제목개정 2020. 12. 29.]
제39조의17(노인관련기관의 취업제한 등) ① 법원은 노인학대관련범죄로 형 또는 치료감호를 선고하는 경우에는 판결
(약식명령을 포함한다. 이하 같다)로 그 형 또는 치료감호의 전부 또는 일부의 집행을 종료하거나 집행이 유예ㆍ면제
된 날(벌금형을 선고받은 경우에는 그 형이 확정된 날을 말한다)부터 일정기간(이하 “취업제한기간”이라 한다) 동안
다음 각 호에 따른 시설 또는 기관(이하 “노인관련기관”이라 한다)을 운영하거나 노인관련기관에 취업 또는 사실상
노무를 제공할 수 없도록 하는 명령(이하 “취업제한명령”이라 한다)을 판결과 동시에 선고(약식명령의 경우에는 고지
를 말한다)하여야 한다. 다만, 재범의 위험성이 현저히 낮은 경우, 그 밖에 취업을 제한하여서는 아니 되는 특별한 사
정이 있다고 판단하는 경우에는 그러하지 아니하다. <개정 2016. 5. 29., 2018. 12. 11., 2023. 6. 13., 2024. 2. 6.>
1. 제31조의 노인복지시설
2. 「노인장기요양보험법」 제31조에 따른 장기요양기관
3. 「가정폭력방지 및 피해자보호 등에 관한 법률」 제4조의6의 긴급전화센터, 같은 법 제5조의 가정폭력 관련 상담
소 및 같은 법 제7조의2의 가정폭력피해자 보호시설
4. 「건강가정기본법」 제35조의 건강가정지원센터
5. 「다문화가족지원법」 제12조의 다문화가족지원센터
6. 「성폭력방지 및 피해자보호 등에 관한 법률」 제10조의 성폭력피해상담소 및 같은 법 제12조의 성폭력피해자보
호시설 및 같은 법 제18조의 성폭력피해자통합지원센터
7. 「의료법」 제3조의 의료기관
8. 「장애인복지법」 제58조의 장애인복지시설
9. 「정신건강증진 및 정신질환자 복지서비스 지원에 관한 법률」 제3조에 따른 정신건강복지센터 및 정신건강증진
시설
10. 제27조의2에 따라 홀로 사는 노인에 대한 지원을 하는 기관ㆍ단체
11. 제27조의3에 따른 독거노인종합지원센터
12. 「장애인활동 지원에 관한 법률」 제2조제6호에 따른 활동지원기관
13. 「치매관리법」 제17조에 따른 치매안심센터
14. 「민법」 제32조에 따라 보건복지부장관의 설립 허가를 받아 노인인권, 노인복지 등 노인을 위한 사업을 수행하
는 비영리법인(대표자 및 노인을 직접 대면하는 업무에 종사하는 사람에 한정한다)


② 제1항에 따른 취업제한기간은 10년을 초과하지 못한다.<신설 2018. 12. 11.>
③ 법원은 제1항에 따라 취업제한명령을 선고하려는 경우에는 정신건강의학과 의사, 심리학자, 사회복지학자, 노인
학대 관련 전문가, 그 밖의 관련 전문가로부터 취업제한명령 대상자의 재범 위험성 등에 관한 의견을 들을 수 있다.
<신설 2018. 12. 11.>
④ 제1항 각 호의 노인관련기관의 설치 신고ㆍ인가ㆍ허가 등을 관할하는 행정기관의 장(이하 이 조에서 “관할행정
기관의 장”이라 한다)은 노인관련기관을 운영하려는 자에 대하여 본인의 동의를 받아 관계 기관의 장에게 노인학대
관련범죄 경력 조회를 요청하여야 한다. 다만, 노인관련기관을 운영하려는 자가 노인학대관련범죄 경력 조회 회신
서를 관할행정기관의 장에게 직접 제출한 경우에는 노인학대관련범죄 경력 조회를 한 것으로 본다.<개정 2018. 12.
11.>
⑤ 노인관련기관의 장은 그 기관에 취업 중이거나 사실상 노무를 제공 중인 사람 또는 취업하려 하거나 사실상 노
무를 제공하려는 사람(이하 “취업자등”이라 한다)에 대하여 노인학대관련범죄 경력을 확인하여야 하며, 이 경우 본
인의 동의를 받아 관계 기관의 장에게 노인학대관련범죄 경력 조회를 요청하여야 한다. 다만, 취업자등이 노인학대
관련범죄 경력 조회 회신서를 노인관련기관의 장에게 직접 제출한 경우에는 노인학대관련범죄 경력 조회를 한 것
으로 본다.<개정 2018. 12. 11.>
⑥ 관할행정기관의 장은 취업제한명령을 선고받은 사람이 노인관련기관을 운영하거나 노인관련기관에 취업 또는
사실상 노무를 제공하고 있는지를 직접 또는 관계 기관 조회 등의 방법으로 연 1회 이상 점검ㆍ확인하고 그 결과를
관계 중앙행정기관의 장에게 제출하여야 한다. 이 경우 관계 중앙행정기관의 장은 점검ㆍ확인 결과를 대통령령으로
정하는 바에 따라 인터넷 홈페이지 등을 이용하여 공개하여야 한다.<개정 2018. 12. 11., 2023. 6. 13.>
⑦ 관할행정기관의 장은 제6항에 따른 점검ㆍ확인을 위하여 필요한 경우에는 노인관련기관의 장에게 관련 자료의
제출을 요구할 수 있다.<신설 2018. 12. 11.>
⑧ 노인관련기관의 장은 취업제한명령을 선고받은 사람이 노인관련기관에 취업 또는 사실상 노무를 제공하고 있는
것을 알게 된 때에는 즉시 해임하여야 한다.<신설 2018. 12. 11.>
⑨ 관할행정기관의 장은 취업제한명령을 위반하여 노인관련기관을 운영 중인 노인관련기관의 장에게 운영 중인 노
인관련기관의 폐쇄를 요구하여야 하며, 취업제한명령을 위반하여 노인관련기관에 취업하거나 사실상 노무를 제공
하고 있는 사람이 있으면 해당 노인관련기관의 장에게 그의 해임을 요구하여야 한다.<개정 2018. 12. 11.>
⑩ 관할행정기관의 장은 노인관련기관의 장이 정당한 사유 없이 제9항에 따른 폐쇄요구를 거부하거나 3개월 이내
에 요구사항을 이행하지 아니하는 경우에는 대통령령으로 정하는 바에 따라 해당 노인관련기관을 폐쇄하거나 그
허가ㆍ인가 등을 취소하거나 관계 행정기관의 장에게 이를 요구할 수 있다.<개정 2018. 12. 11.>
⑪ 제4항부터 제6항까지에 따라 노인학대관련범죄 경력 조회 요청을 받은 관계 기관의 장은 노인학대관련범죄 경
력 조회 회신서를 발급하여야 한다.<개정 2018. 12. 11.>
⑫ 제4항부터 제6항까지에 따른 노인학대관련범죄 경력 조회의 요청 절차ㆍ범위 및 확인ㆍ점검 결과의 제출방법
등에 필요한 사항은 대통령령으로 정한다.<개정 2018. 12. 11.>
[본조신설 2015. 12. 29.]
제39조의18(위반사실의 공표) ① 보건복지부장관, 시ㆍ도지사 또는 시장ㆍ군수ㆍ구청장은 제39조의9의 금지행위로 제
60조에 따른 처벌을 받은 법인 등이 운영하는 시설에 대하여 그 위반행위, 처벌내용, 해당 법인 또는 시설의 명칭, 대
표자 성명, 시설장 성명(대표자와 동일인이 아닌 경우만 해당한다) 및 그 밖에 다른 시설과의 구별에 필요한 사항으
로서 대통령령으로 정하는 사항을 공표할 수 있다. 이 경우 공표 여부를 결정할 때에는 그 위반행위의 동기, 정도, 횟
수 및 결과 등을 고려하여야 한다.
② 보건복지부장관, 시ㆍ도지사 또는 시장ㆍ군수ㆍ구청장은 제39조의14에 따른 처분을 받거나 제55조의2ㆍ제55조
의3제1항제2호 또는 제55조의4제1호에 따른 처벌을 받은 자로서 제39조의9에 따른 금지행위로 노인의 생명을 해
치거나 신체 또는 정신에 중대한 피해를 입힌 노인복지시설의 장과 종사자에 대하여 법 위반 이력과 명단, 그 밖에
대통령령으로 정하는 사항을 공표할 수 있다. 이 경우 공표여부를 결정할 때에는 그 위반행위의 동기, 정도, 횟수 및
결과 등을 고려하여야 한다.<개정 2016. 12. 2.>


③ 보건복지부장관, 시ㆍ도지사 또는 시장ㆍ군수ㆍ구청장은 제1항 및 제2항에 따른 공표를 실시하기 전에 공표대
상자에게 그 사실을 통지하여 소명자료를 제출하거나 출석하여 의견진술을 할 수 있는 기회를 부여하여야 한다.
④ 제1항 및 제2항에 따른 공표의 절차ㆍ방법, 그 밖에 필요한 사항은 대통령령으로 정한다.
[본조신설 2015. 12. 29.]
제39조의19(학대피해노인 전용쉼터의 설치) ① 국가와 지방자치단체는 노인학대로 인하여 피해를 입은 노인(이하 이
조에서 “학대피해노인”이라 한다)을 일정기간 보호하고 심신 치유 프로그램을 제공하기 위하여 학대피해노인 전용
쉼터(이하 “쉼터”라 한다)를 설치ㆍ운영할 수 있다.
② 쉼터의 업무는 다음 각 호와 같다.<개정 2020. 12. 29.>
1. 학대피해노인의 보호와 숙식제공 등의 쉼터생활 지원
2. 학대피해노인의 심리적 안정을 위한 전문심리상담 등 치유프로그램 제공
2의2. 노인학대행위자에 대한 고소ㆍ고발 등 법률적 사항의 자문을 위한 대한변호사협회, 지방변호사회 또는 「법률
구조법」에 따른 법률구조법인 등에 대한 협조 및 지원 요청
3. 학대피해노인에게 학대로 인한 신체적, 정신적 치료를 위한 기본적인 의료비 지원
4. 학대 재발 방지와 원가정 회복을 위하여 노인학대행위자 등에게 전문상담서비스 제공
5. 그 밖에 쉼터에 입소하거나 쉼터를 이용하는 학대피해노인을 위하여 보건복지부령으로 정하는 사항
③ 국가와 지방자치단체는 쉼터의 운영업무를 제39조의5제1항 및 제2항에 따른 노인보호전문기관에 위탁할 수 있
다. 이 경우 국가와 지방자치단체는 위탁에 소요되는 비용을 지원할 수 있다.
④ 제3항에 따른 쉼터 운영의 위탁과 위탁비용 지원에 관한 사항은 대통령령으로 정한다.
⑤ 쉼터의 설치기준ㆍ운영 및 인력에 관한 사항과 쉼터의 입소ㆍ이용 대상, 기간 및 절차 등에 관한 사항은 보건복
지부령으로 정한다.
[본조신설 2017. 3. 14.]
제39조의20(노인학대의 사후관리 등) ① 노인보호전문기관의 장은 노인학대가 종료된 후에도 가정방문, 시설방문, 전
화상담 등을 통하여 노인학대의 재발 여부를 확인하여야 한다.
② 노인보호전문기관의 장은 노인학대가 종료된 후에도 노인학대의 재발 방지를 위하여 필요하다고 인정하는 경우
피해노인 및 보호자를 포함한 피해노인의 가족에게 상담, 교육 및 의료적ㆍ심리적 치료 등의 지원을 하여야 한다.
③ 노인보호전문기관의 장은 제2항에 따른 지원을 하기 위하여 관계 기관ㆍ법인ㆍ단체ㆍ시설에 협조를 요청할 수
있다.
④ 피해노인의 보호자ㆍ가족은 제2항에 따른 노인보호전문기관의 지원에 성실히 참여하여야 한다.
⑤ 피해노인의 보호자ㆍ가족은 정당한 사유 없이 제1항 및 제2항에 따른 노인보호전문기관의 업무 수행을 거부하
거나 방해하여서는 아니 된다.<신설 2020. 12. 29.>
[본조신설 2018. 3. 13.]
제39조의21(노인학대보도 권고기준 수립 및 준수 협조요청) ① 보건복지부장관은 노인의 인권보호 및 노인학대 예방에
관한 정확한 정보의 제공 등을 위하여 대통령령으로 정하는 관계 중앙행정기관의 장과 협의하여 언론의 노인학대보
도에 대한 권고기준을 수립하고 그 이행확보 방안을 마련하여야 한다.
② 보건복지부장관은 방송ㆍ신문ㆍ잡지 및 인터넷신문 등 언론에 대하여 제1항에 따른 노인학대보도에 대한 권고
기준을 준수하도록 협조를 요청할 수 있다. 이 경우 언론은 협조요청을 적극 이행하도록 노력하여야 한다.
[본조신설 2023. 5. 2.]"
제40조,"제40조(변경ㆍ폐지 등) ①제33조제2항의 규정에 의하여 노인주거복지시설을 설치한 자 또는 제35조제2항의 규정에 의
하여 노인의료복지시설을 설치한 자가 그 설치신고사항중 보건복지부령이 정하는 사항을 변경하거나 그 시설을 폐
지 또는 휴지하고자 할 때에는 대통령령이 정하는 바에 의하여 시장ㆍ군수ㆍ구청장에게 미리 신고하여야 한다. <개
정 1999. 2. 8., 2005. 3. 31., 2008. 2. 29., 2010. 1. 18., 2011. 6. 7.>


② 삭제<2011. 6. 7.>
③제37조제2항에 의하여 노인여가복지시설을 설치한 자 또는 제39조제2항의 규정에 의하여 재가노인복지시설을
설치한 자가 그 설치신고사항중 보건복지부령이 정하는 사항을 변경하거나 그 시설을 폐지 또는 휴지하고자 할 때
에는 대통령령이 정하는 바에 의하여 시장ㆍ군수ㆍ구청장에게 미리 신고하여야 한다.<개정 1999. 2. 8., 2008. 2.
29., 2010. 1. 18.>
④ 시장ㆍ군수ㆍ구청장은 제1항 또는 제3항에 따른 변경신고를 받은 경우 그 내용을 검토하여 이 법에 적합하면 신
고를 수리하여야 한다.<신설 2018. 3. 13.>
⑤ 노인주거복지시설의 장, 노인의료복지시설의 장, 노인여가복지시설의 장 또는 재가노인복지시설의 장은 해당 시
설을 폐지 또는 휴지하는 경우에는 보건복지부령으로 정하는 바에 따라 해당 시설을 이용하는 사람이 다른 시설을
이용할 수 있도록 조치계획을 수립하고 이행하는 등 시설 이용자의 권익을 보호하기 위한 조치를 취하여야 한다.
<신설 2015. 12. 29.>
⑥ 시장ㆍ군수ㆍ구청장은 제1항 또는 제3항에 따라 노인복지시설의 폐지 또는 휴지의 신고를 받은 경우 해당 시설
의 장이 제5항에 따른 시설 이용자의 권익을 보호하기 위한 조치를 취하였는지 여부를 확인하는 등 보건복지부령으
로 정하는 조치를 하고, 신고 내용이 이 법에 적합하면 신고를 수리하여야 한다.<신설 2015. 12. 29., 2018. 3. 13.>
[제목개정 1999. 2. 8.]"
제41조,"제41조(수탁의무) 제32조제1항의 규정에 의한 양로시설, 노인공동생활가정 및 노인복지주택, 제34조제1항의 규정에 의
한 노인요양시설 및 노인요양공동생활가정 또는 제38조제1항의 규정에 의한 재가노인복지시설을 설치ㆍ운영하는
자가 복지실시기관으로부터 제28조제1항제2호 및 제3호, 동조제2항 또는 제3항의 규정에 의하여 노인의 입소ㆍ장
례를 위탁받은 때에는 정당한 이유없이 이를 거부하여서는 아니된다. <개정 2007. 8. 3.>"
제42조,"제42조(감독) ① 복지실시기관은 제31조에 따른 노인복지시설 또는 제39조의3제1항에 따른 요양보호사교육기관을 설
치ㆍ운영하는 자로 하여금 해당 시설 또는 사업에 관하여 필요한 보고를 하게 하거나 관계공무원으로 하여금 해당
시설 또는 사업의 운영상황을 조사하게 하거나 장부, 그 밖의 관계서류를 검사하게 할 수 있다. <개정 2019. 1. 15.>
②제31조의 규정에 의한 노인복지시설을 설치ㆍ운영하는 자는 보건복지부령이 정하는 바에 따라 매년도 입소자 또
는 이용자 현황 등에 관한 자료를 복지실시기관에 제출하여야 한다.<신설 1999. 2. 8., 2008. 2. 29., 2010. 1. 18.>
③제1항의 규정에 의하여 조사ㆍ검사를 행하는 자는 그 권한을 표시하는 증표를 지니고 이를 관계인에게 내보여야
한다.
[제목개정 2019. 1. 15.]"
제43조,"제43조(사업의 정지 등) ①시ㆍ도지사 또는 시장ㆍ군수ㆍ구청장은 노인주거복지시설, 노인의료복지시설 또는 「노인 일
자리 및 사회활동 지원에 관한 법률」 제9조제1항제2호에 따른 노인일자리지원기관이 다음 각 호의 어느 하나에 해
당하는 때에는 1개월의 범위에서 사업의 정지 또는 폐지를 명할 수 있다. <개정 1999. 2. 8., 2005. 3. 31., 2007. 8. 3.,
2010. 1. 25., 2013. 6. 4., 2013. 8. 13., 2018. 3. 13., 2019. 4. 30., 2023. 10. 31.>
1. 제33조제4항, 제35조제4항 또는 「노인 일자리 및 사회활동 지원에 관한 법률」 제9조제6항에 따른 시설 등에 관
한 기준에 미달하게 된 때
2. 제41조의 규정에 위반하여 수탁을 거부한 때
3. 정당한 이유없이 제42조의 규정에 의한 보고 또는 자료제출을 하지 아니하거나 허위로 한 때 또는 조사ㆍ검사를
거부ㆍ방해하거나 기피한 때
4. 제46조제5항의 규정에 위반한 때
5. 해당 시설이나 기관을 설치ㆍ운영하는 자 또는 그 종사자가 입소자나 이용자를 학대한 때
②시장ㆍ군수ㆍ구청장은 노인여가복지시설 또는 재가노인복지시설이 다음 각 호의 어느 하나에 해당하는 때에는
1개월의 범위에서 사업의 정지 또는 폐지를 명할 수 있다.<개정 1999. 2. 8., 2007. 8. 3., 2013. 8. 13., 2018. 3. 13.,
2019. 4. 30.>


1. 제37조제4항 또는 제39조제4항의 시설 등에 관한 기준에 미달하게 된 때
2. 제41조의 규정에 위반하여 수탁을 거부한 때(재가노인복지시설의 경우로 한정한다)
3. 정당한 이유없이 제42조의 규정에 의한 보고 또는 자료제출을 하지 아니하거나 허위로 한 때 또는 조사ㆍ검사를
거부ㆍ방해하거나 기피한 때
4. 제46조제7항의 규정에 위반한 때
5. 해당 시설을 설치ㆍ운영하는 자 또는 그 종사자가 입소자나 이용자를 학대한 때
③ 시ㆍ도지사 또는 시장ㆍ군수ㆍ구청장은 노인주거복지시설 또는 노인의료복지시설이 제1항에 따라 사업이 정지
또는 폐지되거나 노인여가복지시설 또는 재가노인복지시설이 제2항에 따라 사업이 정지 또는 폐지되는 경우에는
해당 시설의 이용자를 다른 시설로 옮기도록 하는 등 시설 이용자의 권익을 보호하기 위하여 필요한 조치를 하여야
한다.<신설 2015. 12. 29.>
④제1항 및 제2항에 따른 행정처분의 세부적인 기준은 위반의 정도 등을 참작하여 보건복지부령으로 정한다.<개정
2008. 2. 29., 2010. 1. 18., 2015. 12. 29., 2018. 3. 13.>"
제44조,"제44조(청문) 시장ㆍ군수ㆍ구청장은 제43조의 규정에 의한 사업의 폐지를 명하고자 하는 경우에는 청문을 실시하여야
한다. <개정 2005. 3. 31.>
제5장 비용"
제45조,"제45조(비용의 부담) ① 삭제 <2007. 4. 25.>
②다음 각 호의 어느 하나에 해당하는 비용은 대통령령이 정하는 바에 따라 국가 또는 지방자치단체가 부담한다.
<개정 2005. 7. 13., 2011. 4. 7.>
1. 삭제<2023. 10. 31.>
2. 제27조 및 제28조의 규정에 따른 건강진단 등과 상담ㆍ입소 등의 조치에 소요되는 비용
3. 제33조제1항ㆍ제35조제1항ㆍ제37조제1항 및 제39조제1항의 규정에 따른 노인복지시설의 설치ㆍ운영에 소요되
는 비용"
제46조,"제46조(비용의 수납 및 청구) ① 제27조 및 제28조에 따른 복지조치에 필요한 비용을 부담한 복지실시기관은 해당 노
인 또는 그 부양의무자로부터 대통령령으로 정하는 바에 따라 그 부담한 비용의 전부 또는 일부를 수납하거나 청구
할 수 있다. <개정 2019. 1. 15.>
②부양의무가 없는 자가 제28조의 규정에 의한 복지조치에 준하는 보호를 행하는 경우 즉시 그 사실을 부양의무자
및 복지실시기관에 알려야 한다.
③제2항의 보호를 행한 자는 부양의무자에게 보호비용의 전부 또는 일부를 청구할 수 있다.
④제1항 또는 제3항의 규정에 의한 부담비용의 청구 등에 관하여 필요한 사항은 보건복지부령으로 정한다.<개정
2008. 2. 29., 2010. 1. 18.>
⑤제32조제1항에 따른 양로시설, 노인공동생활가정 및 노인복지주택, 제34조제1항에 따른 노인요양시설 및 노인요
양공동생활가정을 설치한 자는 그 시설에 입소하거나 그 시설을 이용하는 「국민기초생활 보장법」 제7조제1항제
1호에 따른 생계급여 수급자 또는 같은 항 제3호에 따른 의료급여 수급자외의 자로부터 그에 소요되는 비용을 수납
하고자 할 때에는 시장ㆍ군수ㆍ구청장에게 신고하여야 한다. 다만, 보건복지부령이 정한 비용수납 한도액의 범위
안에서 수납할 때에는 그러하지 아니하다.<개정 1999. 2. 8., 2005. 3. 31., 2007. 8. 3., 2008. 2. 29., 2010. 1. 18.,
2015. 12. 29.>
⑥ 삭제<1999. 2. 8.>
⑦제36조제1항의 규정에 의한 노인여가복지시설 또는 제38조제1항의 규정에 의하여 재가노인복지시설을 설치한
자 또는 편의를 제공하는 자가 그 시설을 이용하는 자로부터 그에 소요되는 비용을 수납하고자 할 때에는 미리 시
장ㆍ군수ㆍ구청장에게 신고하여야 한다.


⑧ 제28조제2항에 따른 복지실시기관과 제31조에 따른 노인복지시설을 설치한 자 또는 편의를 제공한 자는 제1항
또는 제3항에 따른 비용을 현금이나 「여신전문금융업법」 제2조에 따른 신용카드, 직불카드 또는 선불카드에 의한
결제로 납부받을 수 있다.<신설 2019. 12. 3.>
[제목개정 2019. 1. 15.]"
제47조,"제47조(비용의 보조) 국가 또는 지방자치단체는 대통령령이 정하는 바에 의하여 노인복지시설의 설치ㆍ운영에 필요한
비용을 보조할 수 있다."
제48조,"제48조(상속인 없는 재산의 처리) ① 제32조에 따른 노인주거복지시설 또는 제34조에 따른 노인의료복지시설의 설치
ㆍ운영자는 그 시설에 입소 중인 사람이 사망하고 그 상속인의 존부가 분명하지 아니한 경우 「민법」 제1053조부터
제1059조까지의 규정에 따라 처리한다. 다만, 사망한 사람의 잔여재산이 「사회복지사업법」 제45조의2제1항 단서에
따른 금액 이하인 경우에는 관할 시장ㆍ군수ㆍ구청장에게 잔여재산 목록을 작성하여 보고하는 것으로 그 재산의 처
리를 갈음할 수 있다.
② 제1항 단서에 따른 보고를 받은 시장ㆍ군수ㆍ구청장은 상속인, 일반상속채권자, 유증받은 자, 기타 상속재산에
대하여 권리를 주장하려는 자가 있으면 6개월 내에 그 권리를 주장할 것을 3개월 이상 공고하여야 한다.
③ 제2항에 따른 기간 내에 상속재산에 대하여 권리를 주장하는 자가 있는 때에는 시장ㆍ군수ㆍ구청장이 「민법」
제1034조에 따라 그 기간 내에 신고한 채권자들 간에 배당하여 변제하여야 한다.
④ 제2항에 따른 기간이 경과하여도 상속재산에 대하여 권리를 주장하는 자가 없는 때에는 상속재산은 지방자치단
체에 귀속된다.
⑤ 제1항부터 제4항까지에서 규정한 사항 외에 상속인 없는 재산의 처리에 관한 세부절차는 보건복지부령으로 정
한다.
[전문개정 2020. 12. 29.]"
제49조,"제49조(조세감면) 제31조의 규정에 의한 노인복지시설에서 노인을 위하여 사용하는 건물ㆍ토지 등에 대하여는 조세감
면규제법 등 관계법령이 정하는 바에 의하여 조세 기타 공과금을 감면할 수 있다. <개정 2007. 4. 25.>
제6장 보칙"
제50조,"제50조(이의신청 등) ① 노인 또는 그 부양의무자는 이 법에 따른 복지조치에 대하여 이의가 있을 때에는 해당 복지실
시기관에 이의를 신청할 수 있다. <개정 2017. 10. 24.>
② 제1항에 따른 이의신청은 해당 복지조치가 있음을 안 날부터 90일 이내에 문서로 하여야 한다. 다만, 정당한 사
유로 인하여 그 기간 이내에 이의신청을 할 수 없었음을 증명한 때에는 그 사유가 소멸한 날부터 60일 이내에 이의
신청을 할 수 있다.<신설 2017. 10. 24.>
③ 제1항의 이의신청을 받은 복지실시기관은 그 신청을 받은 날부터 30일 이내에 이를 심사ㆍ결정하여 청구인에게
통보하여야 한다.<개정 2017. 10. 24.>
④제3항의 심사ㆍ결정에 이의가 있는 자는 그 통보를 받은 날부터 90일 이내에 행정심판을 제기할 수 있다.<개정
1999. 2. 8., 2017. 10. 24.>
⑤제46조제3항의 규정에 의하여 부양의무자가 부담하여야 할 보호비용에 대하여 보호를 행한 자와 부양의무자 사
이에 합의가 이루어지지 아니하는 경우로서 시장ㆍ군수ㆍ구청장은 당사자로부터 조정요청을 받은 경우에는 이를
조정할 수 있다.<개정 2004. 1. 29., 2017. 10. 24.>
⑥시장ㆍ군수ㆍ구청장은 제5항의 조정을 위하여 필요하다고 인정하는 경우 부양의무자에게 소득ㆍ재산 등에 관한
자료의 제출을 요구할 수 있다.<개정 2017. 10. 24.>
[제목개정 2017. 10. 24.]"
제51조,"제51조(노인복지명예지도원) ①복지실시기관은 양로시설, 노인공동생활가정, 노인복지주택, 노인요양시설 및 노인요양
공동생활가정의 입소노인의 보호를 위하여 노인복지명예지도원을 둘 수 있다. <개정 2007. 8. 3.>


②노인복지명예지도원의 위촉방법ㆍ업무범위 등 기타 필요한 사항은 대통령령으로 정한다.
제52조 삭제 <1999. 2. 8.>"
제53조,"제53조(권한의 위임ㆍ위탁) ①보건복지부장관 또는 시ㆍ도지사는 이 법에 의한 권한의 일부를 대통령령이 정하는 바에
의하여 각각 시ㆍ도지사 또는 시장ㆍ군수ㆍ구청장에게 위임할 수 있다. <개정 2008. 2. 29., 2010. 1. 18.>
②보건복지부장관, 시ㆍ도지사 또는 시장ㆍ군수ㆍ구청장은 이 법에 의한 업무의 일부를 대통령령이 정하는 바에 의
하여 법인 또는 단체에 위탁할 수 있다.<개정 2008. 2. 29., 2010. 1. 18.>"
제54조,"제54조(국ㆍ공유재산의 대부 등) 국가 또는 지방자치단체는 노인보건복지관련 연구시설이나 사업의 육성을 위하여 필
요하다고 인정하는 경우에는 국유재산법 또는 지방재정법의 규정에 불구하고 국ㆍ공유재산을 무상으로 대부하거나
사용ㆍ수익하게 할 수 있다."
제55조,"제55조(「건축법」에 대한 특례) ①이 법에 의한 재가노인복지시설, 노인공동생활가정, 노인요양공동생활가정 및 학대피
해노인 전용쉼터는 「건축법」 제19조의 규정에 불구하고 단독주택 또는 공동주택에 설치할 수 있다. <개정 2007. 8.
3., 2008. 3. 21., 2018. 3. 13.>
②이 법에 의한 노인복지주택의 건축물의 용도는 건축관계법령에 불구하고 노유자시설로 본다.<신설 1999. 2. 8.,
2007. 8. 3.>
[제목개정 2007. 8. 3.]
제7장 벌칙
제55조의2(벌칙) 제39조의9제1호(상해에 한한다)의 행위를 한 자는 7년 이하의 징역 또는 7천만원 이하의 벌금에 처한
다. <개정 2016. 12. 2.>
[본조신설 2004. 1. 29.]
제55조의3(벌칙) ① 다음 각 호의 어느 하나에 해당하는 자는 5년 이하의 징역 또는 5천만원 이하의 벌금에 처한다.
<개정 2016. 12. 2.>
1. 제39조의7제2항 또는 제5항에 따른 업무를 수행 중인 노인보호전문기관의 직원에 대하여 폭행 또는 협박하거나
위계 또는 위력으로써 그 업무를 방해한 자
2. 제39조의9제1호(폭행에 한정한다)부터 제4호까지 또는 같은 조 제6호에 해당하는 행위를 한 자
② 삭제<2016. 12. 2.>
③ 단체 또는 다중의 위력을 보이거나 위험한 물건을 휴대하고 제1항제1호의 죄를 범하여 노인보호전문기관의 직
원을 상해에 이르게 한 때에는 3년 이상의 유기징역에 처한다. 사망에 이르게 한 때에는 무기 또는 5년 이상의 징역
에 처한다.<개정 2016. 12. 2.>
[전문개정 2015. 12. 29.]
제55조의4(벌칙) 다음 각 호의 어느 하나에 해당하는 자는 3년 이하의 징역 또는 3천만원 이하의 벌금에 처한다. <개정
2016. 12. 2., 2020. 4. 7.>
1. 제39조의9제5호에 해당하는 행위를 한 자
1의2. 제39조의10제1항을 위반하여 정당한 사유 없이 신고하지 아니하고 실종노인을 보호한 자
2. 위계 또는 위력을 행사하여 제39조의11제2항에 따른 관계 공무원의 출입 또는 조사를 거부하거나 방해한 자
3. 제39조의12를 위반하여 직무상 알게 된 비밀을 누설한 자
[전문개정 2007. 8. 3.]"
제56조,"제56조(벌칙) ①제33조의2제2항을 위반하여 입소자격자 아닌 자에게 노인복지주택을 임대한 자는 2년 이하의 징역에
처하거나 위법하게 임대한 세대의 수에 1천만원을 곱한 금액 이하의 벌금에 처한다. <개정 2015. 1. 28.>


② 삭제<2015. 1. 28.>
[전문개정 2007. 8. 3.]
제56조의2 삭제 <2016. 12. 2.>"
제57조,"제57조(벌칙) 다음 각 호의 어느 하나에 해당하는 자는 1년 이하의 징역 또는 1천만원 이하의 벌금에 처한다. <개정
2020. 4. 7.>
1. 제33조제2항, 제35조제2항, 제37조제2항 또는 제39조제2항에 따른 신고를 하지 아니하고 양로시설ㆍ노인공동생
활가정ㆍ노인복지주택ㆍ노인요양시설ㆍ노인요양공동생활가정ㆍ노인여가복지시설 또는 재가노인복지시설을 설
치하거나 운영한 자
2. 제33조의2제3항을 위반하여 임대한 자
2의2. 제39조의2제6항을 위반하여 다른 사람에게 자격증을 빌려주거나 빌린 자
2의3. 제39조의2제7항을 위반하여 자격증을 빌려주거나 빌리는 것을 알선한 자
3. 제39조의3제1항에 따른 지정을 받지 아니하고 요양보호사교육기관을 설치하거나 운영한 자
4. 제39조의6제3항에 따른 신고인의 신분 보호 및 신원 노출 금지 의무를 위반한 자
5. 삭제<2020. 4. 7.>
6. 정당한 사유 없이 제40조제5항에 따라 권익보호조치를 하지 아니한 자
[전문개정 2016. 12. 2.]"
제58조,"제58조(벌칙 적용에서 공무원 의제) 제53조제2항에 따라 위탁받은 법인 또는 단체의 임직원은 「형법」 제129조부터 제
132조까지의 규정에 따른 벌칙을 적용할 때에는 공무원으로 본다.
[본조신설 2018. 12. 11.]"
제59조,"제59조(벌칙) 제41조를 위반하여 수탁을 거부한 자는 50만원 이하의 벌금에 처한다. <개정 2007. 8. 3.>
1. 삭제<2007. 8. 3.>
2. 삭제<2007. 8. 3.>
제59조의2(가중처벌) 상습적으로 또는 제31조에 따른 노인복지시설 종사자가 제55조의2, 제55조의3제1항제2호 또는
제55조의4제1호의 죄를 범한 경우 각 그 죄에서 정한 형의 2분의 1까지 가중한다. <개정 2016. 12. 2.>
[본조신설 2015. 12. 29.]"
제60조,"제60조(양벌규정) 법인의 대표자나 법인 또는 개인의 대리인, 사용인, 그 밖의 종업원이 그 법인 또는 개인의 업무에 관
하여 제55조의2, 제55조의3, 제55조의4제1호의2ㆍ제3호, 제56조, 제57조(같은 조 제2호는 제외한다) 또는 제59조의
위반행위를 하면 그 행위자를 벌하는 외에 그 법인 또는 개인에게도 해당 조문의 벌금형을 과(科)한다. 다만, 법인 또
는 개인이 그 위반행위를 방지하기 위하여 해당 업무에 관하여 상당한 주의와 감독을 게을리하지 아니한 경우에는
그러하지 아니하다. <개정 2015. 1. 28., 2016. 12. 2., 2020. 4. 7.>
[전문개정 2010. 1. 25.]
제61조 삭제 <2007. 4. 25.>
제61조의2(과태료) ① 다음 각 호의 어느 하나에 해당하는 자에게는 1천만원 이하의 과태료를 부과한다. <신설 2018.
12. 11., 2023. 6. 13.>
1. 제39조의7제6항을 위반하여 노인학대 현장에 출동한 자에 대하여 현장조사를 거부하거나 업무를 방해한 자
2. 제39조의17제9항에 따른 해임요구를 정당한 사유 없이 거부하거나 1개월 이내에 이행하지 아니하는 노인관련기
관의 장
② 다음 각 호의 어느 하나에 해당하는 자에게는 500만원 이하의 과태료를 부과한다.<개정 2015. 12. 29., 2018. 12.
11., 2021. 12. 21.>


1. 제39조의11제2항에 따른 명령을 위반하여 보고 또는 자료제출을 하지 아니하거나 거짓으로 보고하거나 거짓 자
료를 제출한 자
2. 제39조의6제2항을 위반하여 노인학대를 신고하지 아니한 사람. 다만, 제39조의6제2항제16호에 따른 사회복무요
원은 제외한다.
3. 제39조의17제5항을 위반하여 취업자등에 대하여 노인학대관련범죄 경력을 확인하지 아니한 노인관련기관의 장
③ 다음 각 호의 어느 하나에 해당하는 자에게는 300만원 이하의 과태료를 부과한다.<신설 2020. 12. 29.>
1. 제39조의16제2항을 위반하여 정당한 사유 없이 상담ㆍ교육 및 심리적 치료 등을 받지 아니한 노인학대행위자
2. 제39조의20제5항을 위반하여 정당한 사유 없이 노인보호전문기관의 업무 수행을 거부하거나 방해한 피해노인의
보호자ㆍ가족
④다음 각 호의 어느 하나에 해당하는 자는 200만원 이하의 과태료를 부과한다.<개정 2011. 6. 7., 2012. 10. 22.,
2015. 1. 28., 2020. 12. 29.>
1. 삭제<2015. 12. 29.>
2. 제39조의10제2항을 위반하여 신상카드를 제출하지 아니한 자
3. 제40조를 위반하여 신고하지 아니하고 노인복지시설을 폐지 또는 휴지한 자
⑤제1항부터 제4항까지의 규정에 따른 과태료는 대통령령으로 정하는 바에 따라 보건복지부장관, 시ㆍ도지사, 시장
ㆍ군수ㆍ구청장이 부과ㆍ징수한다.<개정 2012. 10. 22., 2020. 12. 29.>
[본조신설 2007. 8. 3.]
제62조 삭제 <2015. 1. 28.>"
